{"cameraMode":{"drawMode":0,"name":"Shaded","section":"Shading Mode"},"sceneLighting":false,"audioPlay":false,"sceneViewState":{"m_AlwaysRefresh":false,"showFog":true,"showSkybox":false,"showFlares":true,"showImageEffects":true,"showParticleSystems":true,"showVisualEffectGraphs":true,"m_FxEnabled":true},"in2DMode":false,"pivot":{"x":0.5571979284286499,"y":-0.31528615951538088,"z":-5.292999267578125},"rotation":{"x":-0.002867709845304489,"y":0.991424024105072,"z":-0.12892013788223267,"w":-0.022012071684002878},"size":6.881747245788574,"orthographic":false}