{"cameraMode":{"drawMode":0,"name":"Shaded","section":"Shading Mode"},"sceneLighting":true,"audioPlay":false,"sceneViewState":{"m_AlwaysRefresh":false,"showFog":true,"showSkybox":true,"showFlares":true,"showImageEffects":true,"showParticleSystems":true,"showVisualEffectGraphs":true,"m_FxEnabled":true},"in2DMode":false,"pivot":{"x":-0.9942026138305664,"y":1.312434196472168,"z":0.18375492095947267},"rotation":{"x":-0.07768885791301727,"y":0.8979046940803528,"z":-0.17623452842235566,"w":-0.3958200216293335},"size":8.674599647521973,"orthographic":false}