{"cameraMode":{"drawMode":0,"name":"Shaded","section":"Shading Mode"},"sceneLighting":true,"audioPlay":false,"sceneViewState":{"m_AlwaysRefresh":false,"showFog":true,"showSkybox":true,"showFlares":true,"showImageEffects":true,"showParticleSystems":true,"showVisualEffectGraphs":true,"m_FxEnabled":true},"in2DMode":false,"pivot":{"x":-0.5947094559669495,"y":1.8955326080322266,"z":3.1063241958618166},"rotation":{"x":-0.13458363711833955,"y":0.6969916820526123,"z":-0.13571235537528993,"w":-0.6911618113517761},"size":23.130826950073243,"orthographic":false}